{
    "mtx": [
        [
            1196.5218993829017,
            0.0,
            915.8550478985975
        ],
        [
            0.0,
            1202.4406136210528,
            571.9806315739374
        ],
        [
            0.0,
            0.0,
            1.0
        ]
    ],
    "dist": [
        [
            -0.4268736947418114,
            0.2511884280506053,
            -0.0005048468791604363,
            0.0007087460508487834,
            -0.0792408720651633
        ]
    ]
}